id,Branch_Name,T_number_1,T_number_2,M_number,F_number,Address,Location_Code,request_by,Company,img
1,Ampara,063 - 4890103,,0773 - 472749,063 - 2224435,"No. 01, Regal Junction, 04th Lane, D.S.Senanayake Street, Ampara.","7.290643, 81.674969",Nuwan Athukorala,HNBA,114388651.png
2,Ambalangoda,091 - 4382559,,0773 - 823842,091 - 2255268,"No.14, 01st Floor,Wickramasooriya Road,Ambalangoda.","6.238631, 80.053566",Nuwan Athukorala,HNBA,114388651.png
3,Ambalantota,047 - 4379967,,0773 - 470498,047 - 2225677,"No.55/1, Sri Ananda Motors Building, Main street ,Ambalantota","6.122499, 81.022609",Nuwan Athukorala,HNBA,114388651.png
4,Anuradhapura,025 - 4928740,025-4934707,077 - 2043233,025 - 2223494,"No.249/A, 2nd Floor,Maithripala Senanayake Mawatha,Anuradhapura","8.340856, 80.411457",Nuwan Athukorala,HNBA,114388651.png
5,Avissawella,036 - 4270775,,0772 - 070798,036 - 2233855,"No.151 A, Colombo Road, Avissawella.","6.953716, 80.204417",Nuwan Athukorala,HNBA,114388651.png
6,Badulla,055 - 4743793,,0773 - 351987,055 - 2228966,"No.33/3/2/1, 2nd Floor,Modern Complex, Badulla","6.985342, 81.058731",Nuwan Athukorala,HNBA,114388651.png
7,Bandarawela ,057 - 4496203,,0773 - 823831,057 - 2221266,"No. 348/3, Badulla Road, Bandarawela","6.829683, 80.995049",Nuwan Athukorala,HNBA,114388651.png
8,Balangoda,045 - 4928100,,0763 - 226500,045 - 2287809,"No.71 A, 1st Floor,Barnes Rathwaththe Mawatha,Balangoda","6.6499, 80.69812",Nuwan Athukorala,HNBA,114388651.png
9,Batticaloa,065 - 4920220,,077 - 4415046,065 - 2227767,"No.166, 2nd Floor, Bazaar Street, Batticaloa.","7.713337,81.699085",Nuwan Athukorala,HNBA,114388651.png
10,Bambalapitiya,011 - 4326913,011-4335931,,,"No.285, 03rd Floor, Galle Road, Colombo 04","6.886532, 79.857868",Nuwan Athukorala,HNBA,114388651.png
11,Chavakachcheri,021-7682009,,077 - 3618145,,"01st Floor, No.184, Kandy Road, Chavakachcheri","9.659552,80.164901",Nuwan Athukorala,HNBA,114388651.png
12,Chilaw,032 - 4860358,,0777 - 260987,032 - 2220950,"No.98A 1/1,Colombo Road, Chilaw.","7.569753, 79.798714",Nuwan Athukorala,HNBA,114388651.png
13,Col. North,011 - 4715980,011-4621595,0777 - 726827,011 - 2439725,"No.88, 2nd Floor, Main Street, Colombo 11.","6.93708, 79.85022",Nuwan Athukorala,HNBA,114388651.png
14,Col. South,011 - 4693200,011-4693201,0773 - 950917,011 - 2506730,"No.166, 2nd Floor, Havelock Road, Colombo 05.","6.89142, 79.86278",Nuwan Athukorala,HNBA,114388651.png
15,Customer Relations Management Center,011 - 4384384,,,,"No.131, St. Michael's Road, Koilupitiya, Colombo 03","6.9135, 79.85287",Nuwan Athukorala,HNBA,114388651.png
16,Dambulla,066 - 4743793,,0768 - 892870,066 - 2283408,"No. 693, 01st Floor, Anuradapura Road, Dambulla","7.879228, 80.650160",Nuwan Athukorala,HNBA,114388651.png
17,Deniyaya,041 - 4938445,,0774 - 415150,041 - 2273999,"01st Floor, Yasaro Building, Main street, Deniyaya.","6.345478, 80.559478",Nuwan Athukorala,HNBA,114388651.png
18,Embilipitiya,047 - 4379159,,0772 - 192007,047 - 2261914,"Sarathchandra Building, Pallegama, Embilipititya.","6.332234, 80.855612",Nuwan Athukorala,HNBA,114388651.png
19,Galle,091 - 4384777,,0773 - 098547,091 - 2233877,"No. 46/1/2, Colombo Road, kaluwella, Galle","6.035155, 80.210893",Nuwan Athukorala,HNBA,114388651.png
20,Gampaha,033 - 4670598,,0777 - 283630,033 - 2231588,"No. 64 1/1, Queen Mary's Road, Gampaha","7.092050, 79.999771",Nuwan Athukorala,HNBA,114388651.png
21,Gampola,081 - 4486461,,0777 - 726820,081 - 2350332,"No.10, Nidahas Mawatha, Gampola.","7.162489, 80.564743",Nuwan Athukorala,HNBA,114388651.png
22,Hatton,051 - 4451000,,0768 - 892680,051 - 2222763,"No. 171-1/9, 01st Floor, D.K.W Commercial Complex, Dimbula Road, hatton","6.892895, 80.597186",Nuwan Athukorala,HNBA,114388651.png
23,Horana,034 - 4947000,,0772 - 980122,034 - 2260031,"No.165 1/1, 1st Floor, Rathnapura Road, Horana","6.717605,80.066493",Nuwan Athukorala,HNBA,114388651.png
24,Ja - Ela,011 - 4621851,,0772 - 776188,011 - 2228705,"No.158 1/1, Old Negambo road, Ja-ela.","7.082864, 79.892231",Nuwan Athukorala,HNBA,114388651.png
25,Jaffna,021 - 2226016,,0772 - 242549,021 - 2228562,"No.62/3, stanly Road, Jaffna.","9.668836, 80.012541",Nuwan Athukorala,HNBA,114388651.png
26,Kadawatha,011 - 4325072,,0774 - 493175,011 - 2925772,"No.433/1, Ihalakaragahamuna, Kadawatha.","7.004562, 79.955985",Nuwan Athukorala,HNBA,114388651.png
27,Kalmunai,067 - 4921657,,0773 - 472964,067 - 2222375,"No.220, Main Street, Baticaloa Road, Kalmunai.","7.418973, 81.822990",Nuwan Athukorala,HNBA,114388651.png
28,Kalutara,034 - 4280925,,0773 - 472549,034 - 2228188,"No.574/1, Galle Road, Kaluthara South, Kaluthara","6.571368, 79.965062",Nuwan Athukorala,HNBA,114388651.png
29,Kandy,081 - 4481785,081-4951100,0773 - 796841,081 - 2205457,"No.12, 3rd Floor, Heerasagala Road, Kandy.","7.278106, 80.618002",Nuwan Athukorala,HNBA,114388651.png
30,Kegalle,035 - 4743793,,0777 - 273687,035 - 2230649,"No.306, 1st Floor, Main Street, Kegalle.","7.253520, 80.350422",Nuwan Athukorala,HNBA,114388651.png
31,Kiribatgoda,011 - 4602240,,0772 - 932346,011 - 2910811,"No.277 2/1, 2nd Floor, Kandy Road, Dalugama, Kelaniya.","6.973520, 79.921198",Nuwan Athukorala,HNBA,114388651.png
32,Killinochchi,021 - 4923560,,0777 - 273691,021 - 2283828,"1st Floor, A 9 Road, Karadipoku, Kilinochchi.","9.40686, 80.40779",Nuwan Athukorala,HNBA,114388651.png
33,Kuliyapitiya,037 - 4936588,,0779 - 852458,037 - 2281818,"No.209, Hettipola Road, Kuliyapitiya.","7.473303, 80.044208",Nuwan Athukorala,HNBA,114388651.png
34,Kurunegala,037 - 4939776,037-4743793,0773 - 472855,037 - 2231670,"3rd Floor, 55 3/1, Kings Groove Building, Rajapihilla Road, Kurunegala.","7.483755, 80.366521",Nuwan Athukorala,HNBA,114388651.png
35,Maharagama,011 - 4543793,,0777 - 726821,011 - 2844115,"No.135, 2/1, High level Road, Maharagama.","6.849440, 79.923689",Nuwan Athukorala,HNBA,114388651.png
36,Mahiyanganaya,055 - 4927711,,0763 - 932603,055 - 2257295,"No. 74, Ampara Road, Mahiyangana.","7.340056, 80.995294",Nuwan Athukorala,HNBA,114388651.png
37,Matale,066 - 4460907,,0763 - 496396,066 - 2231288,"No.96/2/1, Kings Road, Matale.","7.470968, 80.623140",Nuwan Athukorala,HNBA,114388651.png
38,Malambe,011 - 4449990,,0778 - 063786,011 - 2788700,"1st Floor, No. 395/2, New Kandy Road, Malambe.","6.903413, 79.957082",Nuwan Athukorala,HNBA,114388651.png
39,Matara,041 - 4743793,,0777 - 767721,041 - 2237833,"No. 234, 02nd Floor, Anagarika Dharmapala Mw, Matara.","5.949200, 80.539516",Nuwan Athukorala,HNBA,114388651.png
40,Monaragala,055 - 4743794,,0773 - 823846,055 - 2277272,"No. 145 & 147, Wellawaya Rd, Monaragala.","6.87071, 81.3496",Nuwan Athukorala,HNBA,114388651.png
41,Mannar,023 - 2251179,,076 - 5335906,023 - 2251301,"No. 57/6, 2nd Cross Street, Pettah, Mannar.","8.980110, 79.911186",Nuwan Athukorala,HNBA,114388651.png
42,Manipay,021 - 4920344,,0779 - 280368,021 - 2255049,"Sayanga Plaza, Yarl Road, Manipay.","9.719311, 79.996665",Nuwan Athukorala,HNBA,114388651.png
43,Mount Lavinia,011 - 4542535,,0772 - 719629,011 - 2716905,"No. 83 2/1, Galle Road, Mount Lavinia.","6.829858, 79.868253",Nuwan Athukorala,HNBA,114388651.png
44,Mathugama,034 - 4941397,,0767-847217,034 - 2241241,"116/2, 2nd Floor, Agalawatte Road, Mathugama.","6.522088, 80.118054",Nuwan Athukorala,HNBA,114388651.png
45,Negambo,031 - 4743793,031-4874681,0778-076288,031 - 2223144,"No.96/2/1, Colombo road, Negombo.","7.212968, 79.847686",Nuwan Athukorala,HNBA,114388651.png
46,Nelliady,021 - 4920323,,0775 - 069447,021 - 2262400,"No. 58, 2nd Floor, Point Pedro Road, Nelliady.","9.800477, 80.202947",Nuwan Athukorala,HNBA,114388651.png
47,Nittmbuwa,033 - 4944475,,0776 - 976388,033 - 2245399,"No. 39/1/1, Kandy Road, Nittambuwa","7.144896, 80.095781",Nuwan Athukorala,HNBA,114388651.png
48,Nuwara Eliya,052 - 4743793,,0764-203364,052 - 2235991,"1st Floor, Siva Complex, Lowson street, Nuwara eliya","6.973544, 80.766629",Nuwan Athukorala,HNBA,114388651.png
49,Nugegoda,011 - 4061399,,0765 - 440848,011 - 2856691,"No.277-1/1, Stanly Thilakarathna Mawatha, Nugegoda.","6.874794, 79.898451",Nuwan Athukorala,HNBA,114388651.png
50,Panadura,038 - 4743793,038-4931035,0774 - 870997,038 - 2243362,"No. 402,404, Galle road, Panadura.","6.714338, 79.907329",Nuwan Athukorala,HNBA,114388651.png
51,Piliyandala,011 - 4216885,,0773 - 792015,011 - 2606726,"2nd Floor,92/2 Moratuwa Road, Piliyandala","6.800964, 79.920131",Nuwan Athukorala,HNBA,114388651.png
52,Polonnaruwa,027 - 4599241,,0764 - 199867,027 - 2226800,"No. 125/A, 1st Floor, Batticaloa Road, Polonnaruwa.","7.941299, 81.004666",Nuwan Athukorala,HNBA,114388651.png
53,Puttalam,032 - 4865220,,0776 - 976474,032 - 2266005,"No. 97 B, Kurunegala Rd, Puttlam.","8.027348, 79.837775",Nuwan Athukorala,HNBA,114388651.png
54,Rathnapura,045 - 4928839,,0777- 767988,045 - 2222345,"No 209, 211, Main Street, Rathnapura","6.680043,80.406471",Nuwan Athukorala,HNBA,114388651.png
55,Tangalle,047 - 7684850,,,,"2nd floor, No.23, Sea Avenue, Tangalle","6.026981, 80.795071",Nuwan Athukorala,HNBA,114388651.png
56,Tissamaharama,047 - 4927187,,077 - 4414987,047 - 2239544,"No. 81/5A, Bus Stand Avenue, Tissamaharama.","6.276945, 81.287428",Nuwan Athukorala,HNBA,114388651.png
57,Thambuttegama,025 - 4939332,,0768 - 892665,025 - 2275601,"284/C, Anuradhapura Road, Thambuttegama","8.157967, 80.298060",Nuwan Athukorala,HNBA,114388651.png
58,Trincomalee,026 - 4595330,,0779 - 954264,026 - 2223950,"No. 62/1, MPCS Shopping Complex, Main Street, Trincomalee.","8.577274, 81.232785",Nuwan Athukorala,HNBA,114388651.png
59,Vavuniya,024 - 4588606,,0777 - 260967,024 - 2225161,"No.65 A, 1st Floor, 1st Cross Street,Vavuniya","8.752748, 80.499513",Nuwan Athukorala,HNBA,114388651.png
60,Wattala,011 - 4325059,,0763 - 006100,011 - 2982922,"No. 218/1/1, Negambo Road, Wattala","6.980936, 79.888364",Nuwan Athukorala,HNBA,114388651.png
61,Wellawatta,011 - 4335931,,0775 - 600776,011 - 2554431,"285, 3rd floor, Galle road, colombo 04","6.886532, 79.857868",Nuwan Athukorala,HNBA,114388651.png
62,Valachchene,065 - 4929577,,0776 - 975704,065 - 2258958,"Vipulananda Road, Valachchene","7.923546, 81.530914",Nuwan Athukorala,HNBA,114388651.png
63,Madawachchiya,025 - 4549902,,076 - 3496390,,"102/C, 1st Floor,Jaffna Road, Madawachchiya","8.541167, 80.491844",Nuwan Athukorala,HNBA,114388651.png
